День|Время|20.Б01-мкн|20.Б02-мкн|20.Б03-мкн|20.Б04-мкн|20.Б05-мкн|20.Б06-мкн|19.Б01-мкн|19.Б02-мкн|19.Б03-мкн|19.Б05-мкн|18.Б01-мкн|18.Б02-мкн|18.Б03-мкн|17.Б01-мкн|17.Б02-мкн
0|09:30 - 11:05|||||||Дифференциальные уравнения и динамические системы, практика, С.Б. Тихомиров 101||Дифференциальная геометрия, практика, Н.С. Калинин TEAMS|Языки и компиляторы ,  лекция,  Д.А. Березун    А.Ю. Авдюшенко |Мат.логика, практика, С.О.Сперанский, 1 раз в 2 недели с 07.09. / мат.физика, практика, Р.В.Романов, 1 раз в 2 недели с 14.09. 201|Мат.физика, практика, Р.В.Романов, 1 раз в 2 недели с 07.09. 202|Мат.логика, практика, Д.О.Соколов, 1 раз.в 2 недели, с 07.09. / Мат.физика, практика,  П.Ходунов, 1 раз в 2 недели с 14.09.2020. 104пилюгин|Martingale theory, лекция, Ю.А.Давыдов 301|Martingale theory, лекция, Ю.А.Давыдов 301
0|09:00 - 10:35||||||Алгебра, практика, М.В.Карев, 1,5 пары с 09-00 TEAMS|||||||||
0|11:15 - 12:50|Основы наивной теории множеств, практика, А.В.Тискин, до 26.10.2020. TEAMS||Дискретная математика, практика, А.С.Охотин (А.А.Уланова), до 26.10.2020. / Геометрия и топология, практика, Н.Н.Косовский с 09.11.2020. TEAMS|||| Теоретическая информатика, практика,  Е.А. Арсеньева с 09.11.2020 TEAMS|Дифференциальная геометрия, практика, Н.Д. Лебедева  102|Алгебра, практика, М.В. Бондарко  103|Языки и компиляторы ч.1, практика, Д.А. Березун  А.Ю. Авдюшенко|Symplectic geometry and topology, лекция, Н.С.Калинин;   TEAMS                                                              Введение в коммуникационную сложность, лекция, Д.О.Соколов,  канал 104 |Symplectic geometry and topology, лекция, Н.С.Калинин;   TEAMS                                                              Введение в коммуникационную сложность, лекция, Д.О.Соколов,  канал 104 |Symplectic geometry and topology, лекция, Н.С.Калинин;   TEAMS                                                              Введение в коммуникационную сложность, лекция, Д.О.Соколов,  канал 104 |Спектральная теория дифференциальных операторов. Часть 1, лекция, Н.Д.Филонов;    202  Symplectic geometry and topology, лекция, Н.С.Калинин; TEAMS                                                                                                                 Введение в коммуникационную сложность, лекция, Д.О.Соколов, канал 104|Спектральная теория дифференциальных операторов. Часть 1, лекция, Н.Д.Филонов;    202  Symplectic geometry and topology, лекция, Н.С.Калинин; TEAMS                                                                                                                 Введение в коммуникационную сложность, лекция, Д.О.Соколов, канал 104
0|11:35 - 13:10|||||Алгебра, практика, М.В.Карев, 1,5 пары -с 11-35 до 13:50, TEAMS|Мат.анализ, практика,  Ю. И. Любарский, 1,5 пары - с 11:35 ZOOM 303|||||||||
0|10:30 - 12:05||||Мат.анализ, практика, Ю.С.Белов, 1,5 пары - с 10-30,  компенсировать 1,5 пары|||||||||||
0|10:20 - 11:55||Алгебра, практика, А.В.Щеголев, 1,5 пары - с 10-20 TEAMS|||||||||||||
0|13:40 - 15:15|02.11.2020. пара будет! Алгебра, практика, Ю.В.Волков, 1,5 пары - до 16-10 TEAMS, компенсировать 1,5 пары|Основы наивной теории множеств, практика, А.В.Тискин, до 26.10.2020.,  14.09 - 20.10 - по 1 паре TEAMS|Мат.основы алгоритмов, практика, И.С.Казменко TEAMS|Дискретная математика, практика, А.С.Охотин (А.А. Уланова), до 26.10.2020. / Геометрия и топология, практика, Н.Н.Косовский с 09.11.2020. TEAMS|||Дифференциальная геометрия, практика, Е.А. Фоминых, TEAMS  |Теоретическая информатика, практика,  Е.А. Арсеньева с 09.11.2020   TEAMS |Дифференциальные уравнения и динамические системы, практика, С.Б. Тихомиров (Г.В. Монаков)  103|Введение в динамику, практика, С.Б. Тихомиров (А.С.Тарасов)  104|02.11.2020. вместо Мат.логика, лекция, С.О.Сперанский будет                                         Функциональный анализ, лекция, В.В.Пеллер 201|02.11.2020. вместо Мат.логика, лекция, С.О.Сперанский будет                                         Функциональный анализ, лекция, В.В.Пеллер 201|02.11.2020. вместо Мат.логика, лекция, С.О.Сперанский будет                                         Функциональный анализ, лекция, В.В.Пеллер 201|Введение в случайные матрицы, семинар, П.П.Никитин 202|Введение в случайные матрицы, семинар, П.П.Никитин 202
0|14:00 - 15:35|||||Введение в ООП,практика, Максимов с 14:00 до 15:30 303||||||||||
0|15:25 - 17:00||С 09.11.2020. - по 2 пары до 18-45, Мат.анализ, практика, А.С.Кузнецов, 1,5 пары, до 17-55  компенсировать 2 практики, с 12.10.2020. - в ZOOM 102 (Ю.И.Любарский)|||||Алгебра, лекция,  А.В. Степанов  101|Алгебра, лекция,  А.В. Степанов  101|Алгебра, лекция,  А.В. Степанов  101||Введение в коммуникационную сложность, лекция, Д.О.Соколов;  201                                                                                                                                 Intersection Theory, семинар, В.А.Петров 202                                                                                                              Введение в теорию гомологий, лекция, Н.С.Калинин; TEAMS                                                              Asymptotic Sieve for Primes, семинар, А.А.Седунова  301                                                                                                                                                                                                  |Введение в коммуникационную сложность, лекция, Д.О.Соколов;  201                                                                                                                                 Intersection Theory, семинар, В.А.Петров 202                                                                                                              Введение в теорию гомологий, лекция, Н.С.Калинин; TEAMS                                                              Asymptotic Sieve for Primes, семинар, А.А.Седунова  301                                                                                                                                                                                                  |Введение в коммуникационную сложность, лекция, Д.О.Соколов;  201                                                                                                                                 Intersection Theory, семинар, В.А.Петров 202                                                                                                              Введение в теорию гомологий, лекция, Н.С.Калинин; TEAMS                                                              Asymptotic Sieve for Primes, семинар, А.А.Седунова  301                                                                                                                                                                                                  |Intersection Theory, семинар, В.А.Петров 202                                                                                Введение в теорию гомологий, лекция, Н.С.Калинин; TEAMS Asymptotic Sieve for Primes, семинар, А.А.Седунова 301|Intersection Theory, семинар, В.А.Петров 202                                                                                Введение в теорию гомологий, лекция, Н.С.Калинин; TEAMS Asymptotic Sieve for Primes, семинар, А.А.Седунова 301
0|15:40 - 17:15||||||Введение в ООП,практика, Максимов с 15:40 303|||||||||
0|16:20 - 17:55|Мат.основы алгоритмов, практика, И.С.Казменко (Н.С.Гаевой) с 16-20 TEAMS||||||||||||||
0|17:10 - 18:45|||||||||||21.12.2020. Лекция СОСТОИТСЯ!!!  Image signal processing and analysis, лекция, Гильмутдинов  201                                  Раскраски графов и орграфы, лекция, Д.В.Карпов; 202                                                                    |21.12.2020. Лекция СОСТОИТСЯ!!!  Image signal processing and analysis, лекция, Гильмутдинов  201                                  Раскраски графов и орграфы, лекция, Д.В.Карпов; 202                                                                    |21.12.2020. Лекция СОСТОИТСЯ!!!  Image signal processing and analysis, лекция, Гильмутдинов  201                                  Раскраски графов и орграфы, лекция, Д.В.Карпов; 202                                                                    |Раскраски графов и орграфы, лекция, Д.В.Карпов; 202                                                       Индекс эллиптического оператора, лекция, С.С.Подкорытов 203                                                      21.12.2020. Лекция СОСТОИТСЯ!!!  Image signal processing and analysis, лекция, Гильмутдинов   201                                                                                    |Раскраски графов и орграфы, лекция, Д.В.Карпов; 202                                                       Индекс эллиптического оператора, лекция, С.С.Подкорытов 203                                                      21.12.2020. Лекция СОСТОИТСЯ!!!  Image signal processing and analysis, лекция, Гильмутдинов   201                                                                                    
1|09:30 - 11:05|||||||Алгебра, практика, Ю.В. Волков (А.В. Нордскова)  101|Дифференциальные уравнения и динамические системы, практика, Р.В. Романов 102||С++, лекция,  Линский zoom (Низкоуровневое программирование на языке C, с СП)|15.12.2020. - Анализ Фурье, В.В.Пеллер, 202       Теория вероятностей, практика, Ю.А.Давыдов 201 |Анализ Фурье, практика, В.В.Пеллер 202|Анализ Фурье, практика, Ф.В.Петров 203|Graph Drawing, семинар, Е.А.Арсеньева; 301                                                                              Теорема Карлесона,  семинар, Д.М.Столяров 302|Graph Drawing, семинар, Е.А.Арсеньева; 301                                                                              Теорема Карлесона,  семинар, Д.М.Столяров 302
1|11:15 - 12:50|Основы наивной теории множеств, лекция, 16 ч., до  С.О.Сперанский (до 27.10.2020.) / Геометрия и топология, лекция, Е.А.Фоминых (с 03.11.2020.) TEAMS|Основы наивной теории множеств, лекция, 16 ч., до  С.О.Сперанский (до 27.10.2020.) / Геометрия и топология, лекция, Е.А.Фоминых (с 03.11.2020.) TEAMS|Основы наивной теории множеств, лекция, 16 ч., до  С.О.Сперанский (до 27.10.2020.) / Геометрия и топология, лекция, Е.А.Фоминых (с 03.11.2020.) TEAMS|Основы наивной теории множеств, лекция, 16 ч., до  С.О.Сперанский (до 27.10.2020.) / Геометрия и топология, лекция, Е.А.Фоминых (с 03.11.2020.) TEAMS|Основы наивной теории множеств, лекция, 16 ч., до  С.О.Сперанский (до 27.10.2020.) / Геометрия и топология, лекция, Е.А.Фоминых (с 03.11.2020.) TEAMS|Основы наивной теории множеств, лекция, 16 ч., до  С.О.Сперанский (до 27.10.2020.) / Геометрия и топология, лекция, Е.А.Фоминых (с 03.11.2020.) TEAMS|Математический анализ, лекция, С.В. Кисляков 101|Математический анализ, лекция, С.В. Кисляков 101|Математический анализ, лекция, С.В. Кисляков 101||10.11.2020. вместо Функциональный анализ, лекция, В.В.Пеллер  будет                                                             Мат.логика, лекция, С.О.Сперанский, 201|10.11.2020. вместо Функциональный анализ, лекция, В.В.Пеллер  будет                                                             Мат.логика, лекция, С.О.Сперанский, 201|10.11.2020. вместо Функциональный анализ, лекция, В.В.Пеллер  будет                                                             Мат.логика, лекция, С.О.Сперанский, 201|Основы математической статистики, лекция, М.А.Лифшиц 202|Основы математической статистики, лекция, М.А.Лифшиц 202
1|13:40 - 15:15|22.12.2020., контрольная по геометрии, ВСЕ группы  Алгебра, лекция, В.А.Петров, ссылка на лекцию - https://www.lektorium.tv/lecture/29495, консультация в субботу,  |22.12.2020., контрольная по геометрии, ВСЕ группы  Алгебра, лекция, В.А.Петров, ссылка на лекцию - https://www.lektorium.tv/lecture/29495, консультация в субботу,  |22.12.2020., контрольная по геометрии, ВСЕ группы  Алгебра, лекция, В.А.Петров, ссылка на лекцию - https://www.lektorium.tv/lecture/29495, консультация в субботу,  |22.12.2020., контрольная по геометрии, ВСЕ группы  Алгебра, лекция, В.А.Петров, ссылка на лекцию - https://www.lektorium.tv/lecture/29495, консультация в субботу,  |22.12.2020., контрольная по геометрии, ВСЕ группы  Алгебра, лекция, В.А.Петров, ссылка на лекцию - https://www.lektorium.tv/lecture/29495, консультация в субботу,  |22.12.2020., контрольная по геометрии, ВСЕ группы  Алгебра, лекция, В.А.Петров, ссылка на лекцию - https://www.lektorium.tv/lecture/29495, консультация в субботу,  |Математический анализ, практика, А.А. Седунова 101|Алгебра, практика, Ю.В. Волков 102|Математический анализ, практика, П.А. Мозоляко 103|Дифференциальноая геометрия (Принципы организации и архитектура компьютерных систем), практика, К. Чайка 104   Н.С.Калинин (официально)|Теория вероятностей, лекция, М.А.Лифшиц 201 |Теория вероятностей, лекция, М.А.Лифшиц 201 |Теория вероятностей, лекция, М.А.Лифшиц 201 |Гармонический анализ, лекция, С.В.Кисляков;   202                                                                     Машинное обучение, практика, А.П.Давыдов (совместно с СП) с 8.09|Гармонический анализ, лекция, С.В.Кисляков;   202                                                                     Машинное обучение, практика, А.П.Давыдов (совместно с СП) с 8.09
1|15:25 - 17:00|Мат.анализ, лекция, Ю.С.Белов ZOOM 301|Мат.анализ, лекция, Ю.С.Белов ZOOM 301|Мат.анализ, лекция, Ю.С.Белов ZOOM 301|Мат.анализ, лекция, Ю.С.Белов ZOOM 301|Мат.анализ, лекция, Ю.С.Белов ZOOM 301|Мат.анализ, лекция, Ю.С.Белов ZOOM 301|ВРЕМЯ ЗАНЯТО|Математический анализ, практика, А.А. Седунова  102|ВРЕМЯ ЗАНЯТО||Introduction to the Shadowing Theory, лекция, С.Ю.Пилюгин; 201                                                               03.11. НЕ БУДЕТ Геометрические алгоритмы, семинар, Е.А.Арсеньева;  202                                                              Commutative algebra, лекция, А.К.Ставрова; 203                                                             Машинное обучение, практика, А.П.Давыдов (совместно с СП)  с 8.09                           |Introduction to the Shadowing Theory, лекция, С.Ю.Пилюгин; 201                                                               03.11. НЕ БУДЕТ Геометрические алгоритмы, семинар, Е.А.Арсеньева;  202                                                              Commutative algebra, лекция, А.К.Ставрова; 203                                                             Машинное обучение, практика, А.П.Давыдов (совместно с СП)  с 8.09                           |Introduction to the Shadowing Theory, лекция, С.Ю.Пилюгин; 201                                                               03.11. НЕ БУДЕТ Геометрические алгоритмы, семинар, Е.А.Арсеньева;  202                                                              Commutative algebra, лекция, А.К.Ставрова; 203                                                             Машинное обучение, практика, А.П.Давыдов (совместно с СП)  с 8.09                           |Introduction to the Shadowing Theory, лекция, С.Ю.Пилюгин; 201                                                                 03.11. НЕ БУДЕТ Геометрические алгоритмы, семинар, Е.А.Арсеньева; 202                                                             Commutative algebra, лекция, А.К.Ставрова;   203|Introduction to the Shadowing Theory, лекция, С.Ю.Пилюгин; 201                                                                 03.11. НЕ БУДЕТ Геометрические алгоритмы, семинар, Е.А.Арсеньева; 202                                                             Commutative algebra, лекция, А.К.Ставрова;   203
1|17:10 - 18:45|С 10.11.2020. С 17-30 Дополнительные главы математического анализа (факультатив) П. Мозоляко, Д. Столяров, Р. Романов, ZOOM 301|С 10.11.2020. С 17-30 Дополнительные главы математического анализа (факультатив) П. Мозоляко, Д. Столяров, Р. Романов, ZOOM 301|С 10.11.2020. С 17-30 Дополнительные главы математического анализа (факультатив) П. Мозоляко, Д. Столяров, Р. Романов, ZOOM 301|С 10.11.2020. С 17-30 Дополнительные главы математического анализа (факультатив) П. Мозоляко, Д. Столяров, Р. Романов, ZOOM 301|С 10.11.2020. С 17-30 Дополнительные главы математического анализа (факультатив) П. Мозоляко, Д. Столяров, Р. Романов, ZOOM 301|С 10.11.2020. С 17-30 Дополнительные главы математического анализа (факультатив) П. Мозоляко, Д. Столяров, Р. Романов, ZOOM 301|ВРЕМЯ ЗАНЯТО|ВРЕМЯ ЗАНЯТО|ВРЕМЯ ЗАНЯТО|ВРЕМЯ ЗАНЯТО|Intersection Theory, лекция, В.А.Петров; 203                                                                                                                     Введение в неклассические логики, лекция, С.О.Сперанский;  101                                                  Введение в теорию пространств Харди, лекция, Виденский;  302|Intersection Theory, лекция, В.А.Петров; 203                                                                                                                     Введение в неклассические логики, лекция, С.О.Сперанский;  101                                                  Введение в теорию пространств Харди, лекция, Виденский;  302|Intersection Theory, лекция, В.А.Петров; 203                                                                                                                     Введение в неклассические логики, лекция, С.О.Сперанский;  101                                                  Введение в теорию пространств Харди, лекция, Виденский;  302|Гармонический анализ, семинар, С.В.Кисляков; 202                                                                                                                                   Intersection Theory, семинар, В.А.Петров;  203                                                                                                                                              Введение в неклассические логики, лекция, С.О.Сперанский; 101                                            Введение в теорию пространств Харди, лекция, Виденский;  302|Гармонический анализ, семинар, С.В.Кисляков; 202                                                                                                                                   Intersection Theory, семинар, В.А.Петров;  203                                                                                                                                              Введение в неклассические логики, лекция, С.О.Сперанский; 101                                            Введение в теорию пространств Харди, лекция, Виденский;  302
2|09:30 - 11:05|Английский язык Карташева Е.В. 102 Троц А.В. 103 Новикова Д.К. 104 Вексель А.А. - 101 ОНЛАЙН с 16.09.2020. |Английский язык Карташева Е.В. 102 Троц А.В. 103 Новикова Д.К. 104 Вексель А.А. - 101 ОНЛАЙН с 16.09.2020. |Английский язык Карташева Е.В. 102 Троц А.В. 103 Новикова Д.К. 104 Вексель А.А. - 101 ОНЛАЙН с 16.09.2020. |Английский язык Карташева Е.В. 102 Троц А.В. 103 Новикова Д.К. 104 Вексель А.А. - 101 ОНЛАЙН с 16.09.2020. |Английский язык Карташева Е.В. 102 Троц А.В. 103 Новикова Д.К. 104 Вексель А.А. - 101 ОНЛАЙН с 16.09.2020. |Английский язык Карташева Е.В. 102 Троц А.В. 103 Новикова Д.К. 104 Вексель А.А. - 101 ОНЛАЙН с 16.09.2020. | онлайн-курс "Язык эффективной коммуникации"  групповая консультация 2.12 и 9.12  (9:00-10:25)| онлайн-курс "Язык эффективной коммуникации"  групповая консультация 2.12 и 9.12  (9:00-10:25)| онлайн-курс "Язык эффективной коммуникации"  групповая консультация 2.12 и 9.12  (9:00-10:25)| онлайн-курс "Язык эффективной коммуникации"  групповая консультация 2.12 и 9.12  (9:00-10:25)|Современные методы в теоретической информатике, семинар, Э.А.Гирш;  201                                                                                       Некоммутативные кольца, семинар, И.М.Зильберборд; 202                                                                   Современный анализ, семинар, В.В.Пеллер 203                                                               Квадратичные формы, семинар, А.Смоленский;  302|Современные методы в теоретической информатике, семинар, Э.А.Гирш;  201                                                                                       Некоммутативные кольца, семинар, И.М.Зильберборд; 202                                                                   Современный анализ, семинар, В.В.Пеллер 203                                                               Квадратичные формы, семинар, А.Смоленский;  302|Современные методы в теоретической информатике, семинар, Э.А.Гирш;  201                                                                                       Некоммутативные кольца, семинар, И.М.Зильберборд; 202                                                                   Современный анализ, семинар, В.В.Пеллер 203                                                               Квадратичные формы, семинар, А.Смоленский;  302|Современные методы в теоретической информатике, семинар, Э.А.Гирш; 201  Некоммутативные кольца, семинар, И.М.Зильберборд; 202 Современный анализ, семинар, В.В.Пеллер 203  Квадратичные формы, семинар, А.Смоленский;  302|Современные методы в теоретической информатике, семинар, Э.А.Гирш; 201  Некоммутативные кольца, семинар, И.М.Зильберборд; 202 Современный анализ, семинар, В.В.Пеллер 203  Квадратичные формы, семинар, А.Смоленский;  302
2|11:15 - 12:50|Геометрия и топология, лекция, Е.А.Фоминых (с 04.11.2020.), TEAMS|Геометрия и топология, лекция, Е.А.Фоминых (с 04.11.2020.), TEAMS|Геометрия и топология, лекция, Е.А.Фоминых (с 04.11.2020.), TEAMS|Геометрия и топология, лекция, Е.А.Фоминых (с 04.11.2020.), TEAMS|Геометрия и топология, лекция, Е.А.Фоминых (с 04.11.2020.), TEAMS|Геометрия и топология, лекция, Е.А.Фоминых (с 04.11.2020.), TEAMS|||||Английский язык Карташева Е.В. 102 Троц А.В. (спец. группа №2) 103 Вексель А.А. (спец. группа №1) 104|Английский язык Карташева Е.В. 102 Троц А.В. (спец. группа №2) 103 Вексель А.А. (спец. группа №1) 104|Английский язык Карташева Е.В. 102 Троц А.В. (спец. группа №2) 103 Вексель А.А. (спец. группа №1) 104|Точечные процессы, лекция, Ю.А.Давыдов 201|Точечные процессы, лекция, Ю.А.Давыдов 201
2|10:30 - 12:05|||||||Дифференциальная геометрия, лекция, С.В. Иванов (48 ч. 1,5 пары с 10:30) лекция пройдет в TEAMS  |Дифференциальная геометрия, лекция, С.В. Иванов (48 ч. 1,5 пары с 10:30) лекция пройдет в TEAMS  |Дифференциальная геометрия, лекция, С.В. Иванов (48 ч. 1,5 пары с 10:30) лекция пройдет в TEAMS  ||||||
2|13:40 - 15:15||||||| Английский язык Карташева Е.В. 102 Троц А.В. 103 Новикова Д.К.104| Английский язык Карташева Е.В. 102 Троц А.В. 103 Новикова Д.К.104| Английский язык Карташева Е.В. 102 Троц А.В. 103 Новикова Д.К.104| Английский язык Карташева Е.В. 102 Троц А.В. 103 Новикова Д.К.104|Основы байесовского вывода, лекция, С.И.Николенко; 201                                                                                                         Риманова геометрия, лекция, Н.Д.Лебедева; 301                                                                                      Asymptotic Sieve for Primes, лекция, А.А.Седунова 203                                                                     Язык программирования Python, лекция, Соболев, совместно с СП                     |Основы байесовского вывода, лекция, С.И.Николенко; 201                                                                                                         Риманова геометрия, лекция, Н.Д.Лебедева; 301                                                                                      Asymptotic Sieve for Primes, лекция, А.А.Седунова 203                                                                     Язык программирования Python, лекция, Соболев, совместно с СП                     |Основы байесовского вывода, лекция, С.И.Николенко; 201                                                                                                         Риманова геометрия, лекция, Н.Д.Лебедева; 301                                                                                      Asymptotic Sieve for Primes, лекция, А.А.Седунова 203                                                                     Язык программирования Python, лекция, Соболев, совместно с СП                     |Основы байесовского вывода, лекция, С.И.Николенко; 201                                                                                                                        Риманова геометрия, лекция, Н.Д.Лебедева; 301                                                                            Asymptotic Sieve for Primes, лекция, А.А.Седунова 203                                                                             Язык программирования Python, лекция, Соболев, совместно с СП                     |Основы байесовского вывода, лекция, С.И.Николенко; 201                                                                                                                        Риманова геометрия, лекция, Н.Д.Лебедева; 301                                                                            Asymptotic Sieve for Primes, лекция, А.А.Седунова 203                                                                             Язык программирования Python, лекция, Соболев, совместно с СП                     
2|15:25 - 17:00|||||||||||21.10.2020.   Анализ Фурье, лекция, Р.В.Бессонов, ZOOM 201                                                    Мат.физика, лекция, Т.Н.Шилкин 201|21.10.2020.   Анализ Фурье, лекция, Р.В.Бессонов, ZOOM 201                                                    Мат.физика, лекция, Т.Н.Шилкин 201|21.10.2020.   Анализ Фурье, лекция, Р.В.Бессонов, ZOOM 201                                                    Мат.физика, лекция, Т.Н.Шилкин 201|Английский язык Карташева Е.В. 102 Троц А.В. 103|Английский язык Карташева Е.В. 102 Троц А.В. 103
2|17:10 - 18:45|История России, консультация 9.09; 30.09; 21.10; 11.11; 2.12|История России, консультация 9.09; 30.09; 21.10; 11.11; 2.12|История России, консультация 9.09; 30.09; 21.10; 11.11; 2.12|История России, консультация 9.09; 30.09; 21.10; 11.11; 2.12|БЖД, консультация 16.09; 30.09; 18.11; 25.11; 2.12  |БЖД, консультация 16.09; 30.09; 18.11; 25.11; 2.12  |||||21.10.2020. Мат.физика, Т.Н.Шилкин,                                                                                                  Анализ Фурье, лекция, Р.В.Бессонов 201|21.10.2020. Мат.физика, Т.Н.Шилкин,                                                                                                  Анализ Фурье, лекция, Р.В.Бессонов 201|21.10.2020. Мат.физика, Т.Н.Шилкин,                                                                                                  Анализ Фурье, лекция, Р.В.Бессонов 201|Английский язык Карташева Е.В. 102 Троц А.В. 103|Английский язык Карташева Е.В. 102 Троц А.В. 103
2|ВНИМАНИЕ!!! С 08.10.2020. все занятия будут проходить дистанционно!!! Лекции - в ZOOM, практика - за редким исключением - в TEAMS.|ВНИМАНИЕ!!! С 08.10.2020. все занятия будут проходить дистанционно!!! Лекции - в ZOOM, практика - за редким исключением - в TEAMS.|ВНИМАНИЕ!!! С 08.10.2020. все занятия будут проходить дистанционно!!! Лекции - в ZOOM, практика - за редким исключением - в TEAMS.|ВНИМАНИЕ!!! С 08.10.2020. все занятия будут проходить дистанционно!!! Лекции - в ZOOM, практика - за редким исключением - в TEAMS.|ВНИМАНИЕ!!! С 08.10.2020. все занятия будут проходить дистанционно!!! Лекции - в ZOOM, практика - за редким исключением - в TEAMS.|ВНИМАНИЕ!!! С 08.10.2020. все занятия будут проходить дистанционно!!! Лекции - в ZOOM, практика - за редким исключением - в TEAMS.|ВНИМАНИЕ!!! С 08.10.2020. все занятия будут проходить дистанционно!!! Лекции - в ZOOM, практика - за редким исключением - в TEAMS.|||||||||
3|09:30 - 11:05||Дискретная математика, практика, Д.О.Соколов (А.А. Софронова), до 22.10.2020. / Геометрия и топология, практика, Н.Д.Лебедева, с 05.11.2020.  TEAMS|||Введение в объектно-ориентированное программирование, лекция,   Сенин М.А. zoom|Введение в объектно-ориентированное программирование, лекция,   Сенин М.А. zoom|Алгебра, лекция,  А.В. Степанов                                                 101|Алгебра, лекция,  А.В. Степанов                                                 101|Алгебра, лекция,  А.В. Степанов                                                 101|С++, практика, С. Власов  С 12.11   104|17.12.2020., Теория вероятностей, практика, Ю.А.Давыдов 201      Анализ Фурье, практика, В.В.Пеллер 201|Теория вероятностей, практика, М.Платонова 202|Теория вероятностей, практика, Ю.П.Петрова 203|Глубокое обучение, лекция, С.И.Николенко 301|Глубокое обучение, лекция, С.И.Николенко 301
3|10:20 - 11:55|с 08.10.2020. Мат.анализ, практика, Д.М.Столяров, 1,5 пары ,  с 10-20,  свой ZOOM-канал https://us02web.zoom.us/j/84624227356?pwd=N01qd2tpNXFOV3JRWmxqVGlOQUtRUT09||||||||||||||
3|11:15 - 12:50||||||| Теоретическая информатика, лекция, Э.А. Гирш с 05.11.2020 совместно с СП  101| Теоретическая информатика, лекция, Э.А. Гирш с 05.11.2020 совместно с СП  101| Теоретическая информатика, лекция, Э.А. Гирш с 05.11.2020 совместно с СП  101| Теоретическая информатика, лекция, Э.А. Гирш с 05.11.2020 совместно с СП  101|||||
3|12:00 - 13:35|||||||||||Основы байесовского вывода, семинар, С.И.Николенко;  201                                        Риманова геометрия, семинар, Н.Д.Лебедева; 202                                                                                                        Трёхмерное компьютерное зрение, семинар, Крыщенко,совместно с СП с 12:00;|Основы байесовского вывода, семинар, С.И.Николенко;  201                                        Риманова геометрия, семинар, Н.Д.Лебедева; 202                                                                                                        Трёхмерное компьютерное зрение, семинар, Крыщенко,совместно с СП с 12:00;|Основы байесовского вывода, семинар, С.И.Николенко;  201                                        Риманова геометрия, семинар, Н.Д.Лебедева; 202                                                                                                        Трёхмерное компьютерное зрение, семинар, Крыщенко,совместно с СП с 12:00;|Основы байесовского вывода, семинар, С.И.Николенко; 201                                                                                        Риманова геометрия, семинар, Н.Д.Лебедева; 202                                                                                                                                                     Трёхмерное компьютерное зрение, семинар, Крыщенко,совместно с СП с 12:00; |Основы байесовского вывода, семинар, С.И.Николенко; 201                                                                                        Риманова геометрия, семинар, Н.Д.Лебедева; 202                                                                                                                                                     Трёхмерное компьютерное зрение, семинар, Крыщенко,совместно с СП с 12:00; 
3|13:40 - 15:15|Дискретная математика, практика, Д.О.Соколов (А.А. Софронова), до 22.10.2020. / Геометрия и топология, практика, Н.Д.Лебедева, с 05.11.2020. TEAMS||Мат.анализ, практика, М.Дубашинский, 1,5 пары - до 16:10 TEAMS||Мат.основы алгоритмов, практика, И.С.Казменко TEAMS|Геометрия и топология, практика, А.В.Смирнов, с 05.11.2020. TEAMS|Дифференциальные уравнения и динамические системы, лекция,  С.Ю. Пилюгин ZOOM 101|Дифференциальные уравнения и динамические системы, лекция,  С.Ю. Пилюгин ZOOM 101|Дифференциальные уравнения и динамические системы, лекция,  С.Ю. Пилюгин ZOOM 101|Введение в динамику, лекция,С.Ю. Пилюгин ZOOM 101|||||
3|14:00 - 15:35|||||||||||Алгебры и группы Ли,  лекция, Н.А.Вавилов; 201                                                                      Symplectic geometry and topology, семинар, Н.С.Калинин; TEAMS                                 Введение в теорию функции Беллмана, лекция, В.И.Васюнин; 203                               Трёхмерное компьютерное зрение, лекция Бугаев, совместно с СП с 14:00;                                                  Теория кодов, исправляющих ошибки, семинар, С.А.Пузынина с 08.10.2020, 103            |Алгебры и группы Ли,  лекция, Н.А.Вавилов; 201                                                                      Symplectic geometry and topology, семинар, Н.С.Калинин; TEAMS                                 Введение в теорию функции Беллмана, лекция, В.И.Васюнин; 203                               Трёхмерное компьютерное зрение, лекция Бугаев, совместно с СП с 14:00;                                                  Теория кодов, исправляющих ошибки, семинар, С.А.Пузынина с 08.10.2020, 103            |Алгебры и группы Ли,  лекция, Н.А.Вавилов; 201                                                                      Symplectic geometry and topology, семинар, Н.С.Калинин; TEAMS                                 Введение в теорию функции Беллмана, лекция, В.И.Васюнин; 203                               Трёхмерное компьютерное зрение, лекция Бугаев, совместно с СП с 14:00;                                                  Теория кодов, исправляющих ошибки, семинар, С.А.Пузынина с 08.10.2020, 103            |Алгебры и группы Ли,  лекция, Н.А.Вавилов; 201                                                                                          Symplectic geometry and topology, семинар, Н.С.Калинин;   TEAMS                                                                          Введение в теорию функции Беллмана, лекция, В.И.Васюнин; 203                                         Трёхмерное компьютерное зрение, лекция Бугаев, совместно с СП с 14:00;                                         Теория кодов, исправляющих ошибки, семинар, С.А.Пузынина с 08.10.2020, 103  |Алгебры и группы Ли,  лекция, Н.А.Вавилов; 201                                                                                          Symplectic geometry and topology, семинар, Н.С.Калинин;   TEAMS                                                                          Введение в теорию функции Беллмана, лекция, В.И.Васюнин; 203                                         Трёхмерное компьютерное зрение, лекция Бугаев, совместно с СП с 14:00;                                         Теория кодов, исправляющих ошибки, семинар, С.А.Пузынина с 08.10.2020, 103  
3|15:25 - 17:00||||Мат.основы алгоритмов, практика, И.С.Казменко TEAMS |Мат.анализ, практика, Ю.С.Белов, 1,5 пары -  Ф.В.Петров TEAMS||Математический анализ, лекция, С.В. Кисляков  101|Математический анализ, лекция, С.В. Кисляков  101|Математический анализ, лекция, С.В. Кисляков  101|Математический анализ, лекция, С.В. Кисляков  101|Эллиптические кривые, лекция, М.В.Бондарко; 201                                                                                                                                              Knot invariants, лекция, М.В.Карев   202                                                                                                    Динамика негиперболических систем, лекция, С.Б.Тихомиров  203                                                    Мат.логика, практика, Д.О.Соколов, 1 раз.в 2 недели , с 24.09, группа 18.Б02-мкн , 103                                                                                   |Эллиптические кривые, лекция, М.В.Бондарко; 201                                                                                                                                              Knot invariants, лекция, М.В.Карев   202                                                                                                    Динамика негиперболических систем, лекция, С.Б.Тихомиров  203                                                    Мат.логика, практика, Д.О.Соколов, 1 раз.в 2 недели , с 24.09, группа 18.Б02-мкн , 103                                                                                   |Эллиптические кривые, лекция, М.В.Бондарко; 201                                                                                                                                              Knot invariants, лекция, М.В.Карев   202                                                                                                    Динамика негиперболических систем, лекция, С.Б.Тихомиров  203                                                    Мат.логика, практика, Д.О.Соколов, 1 раз.в 2 недели , с 24.09, группа 18.Б02-мкн , 103                                                                                   |Эллиптические кривые, лекция, М.В.Бондарко; 201                                                                                                      Knot invariants, лекция, М.В.Карев  202                                                                                                                Динамика негиперболических систем, лекция, С.Б.Тихомиров  203                                                   |Эллиптические кривые, лекция, М.В.Бондарко; 201                                                                                                      Knot invariants, лекция, М.В.Карев  202                                                                                                                Динамика негиперболических систем, лекция, С.Б.Тихомиров  203                                                   
3|16:20 - 17:55|||Основы наивной теории множеств, практика, А.В.Тискин, до 22.10.2020.,  с 16:20 TEAMS||||||||||||
3|17:10 - 18:45||||||||||Принципы организации и архитектура компьютерных систем, лекция, (48 ч. 1,5 пары с 10.09) 18:30|Современные разделы комбинаторики, семинар, С.А.Пузынина;  201 Алгебраическая K-теория, семинар, А.В.Степанов 202 Bounded arithmetic, лекция, Гарлик (с 24.09);  103                                                                                             Введение в глубокое обучение на практике, семинар, Сурин; 19:00 (1 раз в 2 недели с 10.09) 101|Современные разделы комбинаторики, семинар, С.А.Пузынина;  201 Алгебраическая K-теория, семинар, А.В.Степанов 202 Bounded arithmetic, лекция, Гарлик (с 24.09);  103                                                                                             Введение в глубокое обучение на практике, семинар, Сурин; 19:00 (1 раз в 2 недели с 10.09) 101|Современные разделы комбинаторики, семинар, С.А.Пузынина;  201 Алгебраическая K-теория, семинар, А.В.Степанов 202 Bounded arithmetic, лекция, Гарлик (с 24.09);  103                                                                                             Введение в глубокое обучение на практике, семинар, Сурин; 19:00 (1 раз в 2 недели с 10.09) 101|Современные разделы комбинаторики, семинар, С.А.Пузынина;201  Алгебраическая K-теория, семинар, А.В.Степанов 202 Bounded arithmetic, лекция, Гарлик (с 24.09);  103                                                                                 |Современные разделы комбинаторики, семинар, С.А.Пузынина;201  Алгебраическая K-теория, семинар, А.В.Степанов 202 Bounded arithmetic, лекция, Гарлик (с 24.09);  103                                                                                 
4|09:30 - 11:05|||||||Философия, онлайн-курс, с 20.11.2020., Цыпина Л.В., TEAMS|Философия, онлайн-курс, с 20.11.2020., Цыпина Л.В., TEAMS|Философия, онлайн-курс, с 20.11.2020., Цыпина Л.В., TEAMS||Английский язык Карташева Е.В. 102 Троц А.В. (спец. группа №1) 103 Хараг Н.Б.    101   Введение в биоинформатику, лекция, К.В.Вяткина;  202       |Английский язык Карташева Е.В. 102 Троц А.В. (спец. группа №1) 103 Хараг Н.Б.    101   Введение в биоинформатику, лекция, К.В.Вяткина;  202       |Английский язык Карташева Е.В. 102 Троц А.В. (спец. группа №1) 103 Хараг Н.Б.    101   Введение в биоинформатику, лекция, К.В.Вяткина;  202       |Теория аппроксимации, Фролов 302      Введение в биоинформатику, лекция, К.В.Вяткина;       202  |Теория аппроксимации, Фролов 302      Введение в биоинформатику, лекция, К.В.Вяткина;       202  
4|14:00 - 15:35|С 09.10.2020. Алгебра, лекция, В.А.Петров https://www.lektorium.tv/lecture/29496  консультация состоится в субботу, 12.12.2020. в 14-00, канал ZOOM 301 |С 09.10.2020. Алгебра, лекция, В.А.Петров https://www.lektorium.tv/lecture/29496  консультация состоится в субботу, 12.12.2020. в 14-00, канал ZOOM 301 |С 09.10.2020. Алгебра, лекция, В.А.Петров https://www.lektorium.tv/lecture/29496  консультация состоится в субботу, 12.12.2020. в 14-00, канал ZOOM 301 |С 09.10.2020. Алгебра, лекция, В.А.Петров https://www.lektorium.tv/lecture/29496  консультация состоится в субботу, 12.12.2020. в 14-00, канал ZOOM 301 |С 09.10.2020. Алгебра, лекция, В.А.Петров https://www.lektorium.tv/lecture/29496  консультация состоится в субботу, 12.12.2020. в 14-00, канал ZOOM 301 |С 09.10.2020. Алгебра, лекция, В.А.Петров https://www.lektorium.tv/lecture/29496  консультация состоится в субботу, 12.12.2020. в 14-00, канал ZOOM 301 |||||||||
4|11:15 - 12:50||||||| Английский язык Карташева Е.В.102 Хараг Н.Б. 101 Парфёнов А.С. 104| Английский язык Карташева Е.В.102 Хараг Н.Б. 101 Парфёнов А.С. 104| Английский язык Карташева Е.В.102 Хараг Н.Б. 101 Парфёнов А.С. 104| Английский язык Карташева Е.В.102 Хараг Н.Б. 101 Парфёнов А.С. 104|Машинное обучение, лекция, Сухочев, совместно с СП                                                                                                      |Машинное обучение, лекция, Сухочев, совместно с СП                                                                                                      |Машинное обучение, лекция, Сухочев, совместно с СП                                                                                                      |Машинное обучение, лекция, Сухочев, совместно с СП                                                                                                                                           Modern Dynamical Systems. Autumn, семинар, С.Ю.Пилюгин 301                   |Машинное обучение, лекция, Сухочев, совместно с СП                                                                                                                                           Modern Dynamical Systems. Autumn, семинар, С.Ю.Пилюгин 301                   
4|10:40 - 12:15|С 09.10.2020.Дискретная математика, лекция, А.В.Тискин, (24 часа, 1,5 пары - с 10-40) до 20.10.2020. доставить 1 пару/  Мат.основы алгоритмов, лекция, А.С.Охотин, (24 часа, 1,5 пары - с 10-40) с 06.11.2020. ZOOM канал 203|С 09.10.2020.Дискретная математика, лекция, А.В.Тискин, (24 часа, 1,5 пары - с 10-40) до 20.10.2020. доставить 1 пару/  Мат.основы алгоритмов, лекция, А.С.Охотин, (24 часа, 1,5 пары - с 10-40) с 06.11.2020. ZOOM канал 203|С 09.10.2020.Дискретная математика, лекция, А.В.Тискин, (24 часа, 1,5 пары - с 10-40) до 20.10.2020. доставить 1 пару/  Мат.основы алгоритмов, лекция, А.С.Охотин, (24 часа, 1,5 пары - с 10-40) с 06.11.2020. ZOOM канал 203|С 09.10.2020.Дискретная математика, лекция, А.В.Тискин, (24 часа, 1,5 пары - с 10-40) до 20.10.2020. доставить 1 пару/  Мат.основы алгоритмов, лекция, А.С.Охотин, (24 часа, 1,5 пары - с 10-40) с 06.11.2020. ZOOM канал 203|С 09.10.2020.Дискретная математика, лекция, А.В.Тискин, (24 часа, 1,5 пары - с 10-40) до 20.10.2020. доставить 1 пару/  Мат.основы алгоритмов, лекция, А.С.Охотин, (24 часа, 1,5 пары - с 10-40) с 06.11.2020. ZOOM канал 203|С 09.10.2020.Дискретная математика, лекция, А.В.Тискин, (24 часа, 1,5 пары - с 10-40) до 20.10.2020. доставить 1 пару/  Мат.основы алгоритмов, лекция, А.С.Охотин, (24 часа, 1,5 пары - с 10-40) с 06.11.2020. ZOOM канал 203|||||||||
4|13:40 - 15:15|ПЕРЕРЫВ|ПЕРЕРЫВ|ПЕРЕРЫВ|ПЕРЕРЫВ|ПЕРЕРЫВ|ПЕРЕРЫВ| Английский язык Карташева Е.В. 102 Троц А.В.103 Хараг Н.Б. 101 Новикова Д.К. 104 Парфёнов А.С. 201| Английский язык Карташева Е.В. 102 Троц А.В.103 Хараг Н.Б. 101 Новикова Д.К. 104 Парфёнов А.С. 201| Английский язык Карташева Е.В. 102 Троц А.В.103 Хараг Н.Б. 101 Новикова Д.К. 104 Парфёнов А.С. 201| Английский язык Карташева Е.В. 102 Троц А.В.103 Хараг Н.Б. 101 Новикова Д.К. 104 Парфёнов А.С. 201|30.10.2020. -Современный анализ, семинар, В.В.Пеллер 303                                                        Введение в квантовые вычисления, семинар, А.С.Охотин;  202  - ПЕРЕНОС НА ТРЕТЬЮ ПАРУ 05.09.2020.                                                                                                                                                         Замощения плоскости, семинар, С.А.Пузынина; 203                                                                      |30.10.2020. -Современный анализ, семинар, В.В.Пеллер 303                                                        Введение в квантовые вычисления, семинар, А.С.Охотин;  202  - ПЕРЕНОС НА ТРЕТЬЮ ПАРУ 05.09.2020.                                                                                                                                                         Замощения плоскости, семинар, С.А.Пузынина; 203                                                                      |30.10.2020. -Современный анализ, семинар, В.В.Пеллер 303                                                        Введение в квантовые вычисления, семинар, А.С.Охотин;  202  - ПЕРЕНОС НА ТРЕТЬЮ ПАРУ 05.09.2020.                                                                                                                                                         Замощения плоскости, семинар, С.А.Пузынина; 203                                                                      |Современный анализ, семинар, В.В.Пеллер 303                                                                          Введение в квантовые вычисления, семинар, А.С.Охотин; 202  - ПЕРЕНОС НА ТРЕТЬЮ ПАРУ 05.09.2020.                                                                                                                                Замощения плоскости, семинар, С.А.Пузынина; 203                                                                                                     Доп. главы эргодической теории, семинар, П.Б.Затицкий   301                                                   |Современный анализ, семинар, В.В.Пеллер 303                                                                          Введение в квантовые вычисления, семинар, А.С.Охотин; 202  - ПЕРЕНОС НА ТРЕТЬЮ ПАРУ 05.09.2020.                                                                                                                                Замощения плоскости, семинар, С.А.Пузынина; 203                                                                                                     Доп. главы эргодической теории, семинар, П.Б.Затицкий   301                                                   
4|15:25 - 17:10|Английский язык  Карташева Е.В. 102 Троц А.В.103 Хараг Н.Б. 101 Новикова Д.К. 104 Шашукова 304 ОНЛАЙН с 16.09.2020.|Английский язык  Карташева Е.В. 102 Троц А.В.103 Хараг Н.Б. 101 Новикова Д.К. 104 Шашукова 304 ОНЛАЙН с 16.09.2020.|Английский язык  Карташева Е.В. 102 Троц А.В.103 Хараг Н.Б. 101 Новикова Д.К. 104 Шашукова 304 ОНЛАЙН с 16.09.2020.|Английский язык  Карташева Е.В. 102 Троц А.В.103 Хараг Н.Б. 101 Новикова Д.К. 104 Шашукова 304 ОНЛАЙН с 16.09.2020.|Английский язык  Карташева Е.В. 102 Троц А.В.103 Хараг Н.Б. 101 Новикова Д.К. 104 Шашукова 304 ОНЛАЙН с 16.09.2020.|Английский язык  Карташева Е.В. 102 Троц А.В.103 Хараг Н.Б. 101 Новикова Д.К. 104 Шашукова 304 ОНЛАЙН с 16.09.2020.|||Теоретическая информатика, практика, А.В. Тискин с 06.11.2020 TEAMS  ||Введение в неклассические логики, семинар, С.О.Сперанский; 301                                                            Выпуклые множества, семинар, Г.Ю.Панина (свой канал)                                                      |Введение в неклассические логики, семинар, С.О.Сперанский; 301                                                            Выпуклые множества, семинар, Г.Ю.Панина (свой канал)                                                      |Введение в неклассические логики, семинар, С.О.Сперанский; 301                                                            Выпуклые множества, семинар, Г.Ю.Панина (свой канал)                                                      |Введение в неклассические логики, семинар, С.О.Сперанский; 301                                                  Выпуклые множества, семинар, Д.А.Мамаев (свой канал)    Интегрируемая вероятность факультатив, П.П.Никитин, 201              |Введение в неклассические логики, семинар, С.О.Сперанский; 301                                                  Выпуклые множества, семинар, Д.А.Мамаев (свой канал)    Интегрируемая вероятность факультатив, П.П.Никитин, 201              
4|17:10 - 18:45|Английский язык Шашукова А.С. 304 ОНЛАЙН с 16.09.2020.|Английский язык Шашукова А.С. 304 ОНЛАЙН с 16.09.2020.|Английский язык Шашукова А.С. 304 ОНЛАЙН с 16.09.2020.|Английский язык Шашукова А.С. 304 ОНЛАЙН с 16.09.2020.|Английский язык Шашукова А.С. 304 ОНЛАЙН с 16.09.2020.|Английский язык Шашукова А.С. 304 ОНЛАЙН с 16.09.2020.||||Теоретическая информатика, практика, А.В. Тискин с 06.11.2020 TEAMS  |Английский язык Карташева Е.В. 102 Троц А.В. (спец. группа №2) 103 Хараг Н.Б. 101   Теория операторов в гильбертовом пространстве, семинар, А.И.Кароль    203 |Английский язык Карташева Е.В. 102 Троц А.В. (спец. группа №2) 103 Хараг Н.Б. 101   Теория операторов в гильбертовом пространстве, семинар, А.И.Кароль    203 |Английский язык Карташева Е.В. 102 Троц А.В. (спец. группа №2) 103 Хараг Н.Б. 101   Теория операторов в гильбертовом пространстве, семинар, А.И.Кароль    203 |6 ноября НЕ БУДЕТ, перенос на другой день Глубокое обучение, семинар, А.П.Давыдов;  301                                                                                                                                                                                                        Теория операторов в гильбертовом пространстве, семинар, А.И.Кароль     203|6 ноября НЕ БУДЕТ, перенос на другой день Глубокое обучение, семинар, А.П.Давыдов;  301                                                                                                                                                                                                        Теория операторов в гильбертовом пространстве, семинар, А.И.Кароль     203
5|09:30 - 11:05||||||||||| Вероятностные алгоритмы, лекция, И.А.Близнец;  201                          Введение в глубокое обучение на практике, факультатив,лекция, Сурин| Вероятностные алгоритмы, лекция, И.А.Близнец;  201                          Введение в глубокое обучение на практике, факультатив,лекция, Сурин| Вероятностные алгоритмы, лекция, И.А.Близнец;  201                          Введение в глубокое обучение на практике, факультатив,лекция, Сурин|Спектральная теория дифференциальных операторов. Часть 1, практика, Н.Д.Филонов; 202                                                                                                                                                             Вероятностные алгоритмы, лекция, И.А.Близнец; 201 Введение в глубокое обучение на практике, факультатив, лекция, Сурин|Спектральная теория дифференциальных операторов. Часть 1, практика, Н.Д.Филонов; 202                                                                                                                                                             Вероятностные алгоритмы, лекция, И.А.Близнец; 201 Введение в глубокое обучение на практике, факультатив, лекция, Сурин
5|11:15 - 12:50|19.12.2020., Мат.анализ, Ю.С.Белов, лекция,  ZOOM 301|19.12.2020., Мат.анализ, Ю.С.Белов, лекция,  ZOOM 301|19.12.2020., Мат.анализ, Ю.С.Белов, лекция,  ZOOM 301|19.12.2020., Мат.анализ, Ю.С.Белов, лекция,  ZOOM 301|19.12.2020., Мат.анализ, Ю.С.Белов, лекция,  ZOOM 301|19.12.2020., Мат.анализ, Ю.С.Белов, лекция,  ZOOM 301|||||7 ноября НЕ БУДЕТ, перенос на другой день Сетевые алгоритмы, семинар, А.П.Давыдов; 201                                                                                                                                                              Алгоритмические вопросы трёхмерной топологии,  семинар, Е.А.Фоминых TEAMS|7 ноября НЕ БУДЕТ, перенос на другой день Сетевые алгоритмы, семинар, А.П.Давыдов; 201                                                                                                                                                              Алгоритмические вопросы трёхмерной топологии,  семинар, Е.А.Фоминых TEAMS|7 ноября НЕ БУДЕТ, перенос на другой день Сетевые алгоритмы, семинар, А.П.Давыдов; 201                                                                                                                                                              Алгоритмические вопросы трёхмерной топологии,  семинар, Е.А.Фоминых TEAMS|7 ноября НЕ БУДЕТ, перенос на другой день Сетевые алгоритмы, семинар, А.П.Давыдов; 201                                                                                                                                                                         Алгоритмические вопросы трёхмерной топологии,  семинар, Е.А.Фоминых TEAMS|7 ноября НЕ БУДЕТ, перенос на другой день Сетевые алгоритмы, семинар, А.П.Давыдов; 201                                                                                                                                                                         Алгоритмические вопросы трёхмерной топологии,  семинар, Е.А.Фоминых TEAMS
5|13:40 - 15:15|||||||||||Алгебры и группы Ли,  семинар, Н.А.Вавилов;  201                                                                                       Введение в теорию функции Беллмана, семинар, В.И.Васюнин; 202                                       Динамика негиперболических систем, семинар, С.Б.Тихомиров  203                                 05.09.2020. Введение в квантовые вычисления, семинар, А.С.Охотин, 104|Алгебры и группы Ли,  семинар, Н.А.Вавилов;  201                                                                                       Введение в теорию функции Беллмана, семинар, В.И.Васюнин; 202                                       Динамика негиперболических систем, семинар, С.Б.Тихомиров  203                                 05.09.2020. Введение в квантовые вычисления, семинар, А.С.Охотин, 104|Алгебры и группы Ли,  семинар, Н.А.Вавилов;  201                                                                                       Введение в теорию функции Беллмана, семинар, В.И.Васюнин; 202                                       Динамика негиперболических систем, семинар, С.Б.Тихомиров  203                                 05.09.2020. Введение в квантовые вычисления, семинар, А.С.Охотин, 104|Алгебры и группы Ли,  семинар, Н.А.Вавилов;  201                                                                                       Введение в теорию функции Беллмана, семинар, В.И.Васюнин;  202                                      Динамика негиперболических систем, семинар, С.Б.Тихомиров    203                                  05.09.2020. Введение в квантовые вычисления, семинар, А.С.Охотин, 104|Алгебры и группы Ли,  семинар, Н.А.Вавилов;  201                                                                                       Введение в теорию функции Беллмана, семинар, В.И.Васюнин;  202                                      Динамика негиперболических систем, семинар, С.Б.Тихомиров    203                                  05.09.2020. Введение в квантовые вычисления, семинар, А.С.Охотин, 104
5|14:00 - 15:35|Алгебра, лекция, В.А.Петров, консультация, в 14-00, ZOOM 301|Алгебра, лекция, В.А.Петров, консультация, в 14-00, ZOOM 301|Алгебра, лекция, В.А.Петров, консультация, в 14-00, ZOOM 301|Алгебра, лекция, В.А.Петров, консультация, в 14-00, ZOOM 301|Алгебра, лекция, В.А.Петров, консультация, в 14-00, ZOOM 301|Алгебра, лекция, В.А.Петров, консультация, в 14-00, ZOOM 301|||||||||
5|15:25 - 17:00|||||||||||Lie algebras in combinatorics, лекция, Постнова; 201|Lie algebras in combinatorics, лекция, Постнова; 201|Lie algebras in combinatorics, лекция, Постнова; 201|Гауссовские случайные процессы, семинар, М.А.Лифшиц   202                                                     Lie algebras in combinatorics, лекция, Постнова; 201|Гауссовские случайные процессы, семинар, М.А.Лифшиц   202                                                     Lie algebras in combinatorics, лекция, Постнова; 201
